"""""",variable,Model_avg
"""1""",617.0,0.3333333333333333
"""2""",606.0,0.3333333333333333
"""3""",545.0,0.3333333333333333
