"""""",variable,Model_avg
"""1""",83.0,0.3333333333333333
"""2""",85.0,0.3333333333333333
"""3""",71.0,0.3333333333333333
