"""""",variable,Model_avg
"""1""",65.0,0.3333333333333333
"""2""",64.0,0.3333333333333333
"""3""",77.0,0.3333333333333333
