"""""",variable,Model_avg
"""1""",302.0,0.3333333333333333
"""2""",301.0,0.3333333333333333
"""3""",313.0,0.3333333333333333
