"""""",variable,Model_avg
"""1""",4.0,0.3333333333333333
"""2""",5.0,0.3333333333333333
"""3""",11.0,0.3333333333333333
