"""""",variable,Model_avg
"""1""",13.0,0.3333333333333333
"""2""",13.0,0.3333333333333333
"""3""",4.0,0.3333333333333333
