"""""",variable,Model_avg
"""1""",2560.0,0.3333333333333333
"""2""",2874.0,0.3333333333333333
"""3""",2804.0,0.3333333333333333
