"""""",variable,Model_avg
"""1""",70.0,0.3333333333333333
"""2""",68.0,0.3333333333333333
"""3""",71.0,0.3333333333333333
