"""""",variable,Model_avg
"""1""",25.0,0.3333333333333333
"""2""",25.0,0.3333333333333333
"""3""",24.0,0.3333333333333333
