"""""",variable,Model_avg
"""1""",29.0,0.3333333333333333
"""2""",33.0,0.3333333333333333
"""3""",34.0,0.3333333333333333
