"""""",variable,Model_avg
"""1""",41.0,0.3333333333333333
"""2""",40.0,0.3333333333333333
"""3""",40.0,0.3333333333333333
