"""""",variable,Model_avg
"""1""",0.0,0.3333333333333333
"""2""",15.0,0.3333333333333333
"""3""",31.0,0.3333333333333333
