"""""",variable,Model_avg
"""1""",78.0,0.3333333333333333
"""2""",70.0,0.3333333333333333
"""3""",58.0,0.3333333333333333
