"""""",variable,Model_avg
"""1""",0.0,0.07692307692307693
"""2""",0.0,0.07692307692307693
"""3""",0.0,0.07692307692307693
"""4""",0.0,0.07692307692307693
"""5""",0.0,0.07692307692307693
"""6""",0.0,0.07692307692307693
"""7""",0.0,0.07692307692307693
"""8""",0.0,0.07692307692307693
"""9""",0.0,0.07692307692307693
"""10""",0.0,0.07692307692307693
"""11""",0.0,0.07692307692307693
"""12""",0.0,0.07692307692307693
"""13""",19.0,0.07692307692307693
